<?xml version="1.0"?>
<opencv_storage>
<!-- Automatically converted from cascade/, window size = 20x20 -->
<haarcascade type_id="opencv-haar-classifier">
  <size>
    20 20</size>
  <stages>
    <_>
      <!-- stage 0 -->
      <trees>
        <_>
          <!-- tree 0 -->
          <_>
            <!-- root node -->
            <feature>
              <rects>
                <_>
                  0 10 19 10 -1.</_>
                <_>
                  0 15 19 5 2.</_></rects>
              <tilted>0</tilted></feature>
            <threshold>-9.0125307440757751e-002</threshold>
            <left_val>5.7497918605804443e-001</left_val>
            <right_val>-6.5582782030105591e-001</right_val></_></_>
        <_>
          <!-- tree 1 -->
          <_>
            <!-- root node -->
            <feature>
              <rects>
                <_>
                  14 14 6 6 -1.</_>
                <_>
                  14 17 6 3 2.</_></rects>
              <tilted>0</tilted></feature>
            <threshold>-1.6898939386010170e-002</threshold>
            <left_val>4.9820059537887573e-001</left_val>
            <right_val>-2.6109069585800171e-001</right_val></_></_>
        <_>
          <!-- tree 2 -->
          <_>
            <!-- root node -->
            <feature>
              <rects>
                <_>
                  1 16 7 4 -1.</_>
                <_>
                  1 18 7 2 2.</_></rects>
              <tilted>0</tilted></feature>
            <threshold>-9.6825696527957916e-003</threshold>
            <left_val>6.9913798570632935e-001</left_val>
            <right_val>-4.0143099427223206e-001</right_val></_></_>
        <_>
          <!-- tree 3 -->
          <_>
            <!-- root node -->
            <feature>
              <rects>
                <_>
                  6 11 9 5 -1.</_>
                <_>
                  9 11 3 5 3.</_></rects>
              <tilted>0</tilted></feature>
            <threshold>-1.8788160756230354e-002</threshold>
            <left_val>7.0840620994567871e-001</left_val>
            <right_val>-2.1494470536708832e-001</right_val></_></_>
        <_>
          <!-- tree 4 -->
          <_>
            <!-- root node -->
            <feature>
              <rects>
                <_>
                  4 12 12 4 -1.</_>
                <_>
                  8 12 4 4 3.</_></rects>
              <tilted>0</tilted></feature>
            <threshold>3.0464850366115570e-002</threshold>
            <left_val>-2.2536750137805939e-001</left_val>
            <right_val>8.1010472774505615e-001</right_val></_></_>
        <_>
          <!-- tree 5 -->
          <_>
            <!-- root node -->
            <feature>
              <rects>
                <_>
                  7 11 9 5 -1.</_>
                <_>
                  10 11 3 5 3.</_></rects>
              <tilted>0</tilted></feature>
            <threshold>3.4919619560241699e-002</threshold>
            <left_val>-1.5607610344886780e-001</left_val>
            <right_val>8.6944121122360229e-001</right_val></_></_></trees>
      <stage_threshold>-1.1554460525512695e+000</stage_threshold>
      <parent>-1</parent>
      <next>-1</next></_>
    <_>
      <!-- stage 1 -->
      <trees>
        <_>
          <!-- tree 0 -->
          <_>
            <!-- root node -->
            <feature>
              <rects>
                <_>
                  0 4 20 16 -1.</_>
                <_>
                  0 12 20 8 2.</_></rects>
              <tilted>0</tilted></feature>
            <threshold>-2.4788400530815125e-001</threshold>
            <left_val>3.9021769165992737e-001</left_val>
            <right_val>-6.6856378316879272e-001</right_val></_></_>
        <_>
          <!-- tree 1 -->
          <_>
            <!-- root node -->
            <feature>
              <rects>
                <_>
                  9 14 10 6 -1.</_>
                <_>
                  9 17 10 3 2.</_></rects>
              <tilted>0</tilted></feature>
            <threshold>-2.9141610488295555e-002</threshold>
            <left_val>3.5509571433067322e-001</left_val>
            <right_val>-2.8638970851898193e-001</right_val></_></_>
        <_>
          <!-- tree 2 -->
          <_>
            <!-- root node -->
            <feature>
              <rects>
                <_>
                  1 14 8 6 -1.</_>
                <_>
                  1 17 8 3 2.</_></rects>
              <tilted>0</tilted></feature>
            <threshold>-2.8379969298839569e-002</threshold>
            <left_val>5.8273130655288696e-001</left_val>
            <right_val>-3.0794841051101685e-001</right_val></_></_>
        <_>
          <!-- tree 3 -->
          <_>
            <!-- root node -->
            <feature>
              <rects>
                <_>
                  13 18 5 2 -1.</_>
                <_>
                  13 19 5 1 2.</_></rects>
              <tilted>0</tilted></feature>
            <threshold>-2.5221658870577812e-003</threshold>
            <left_val>5.7169538736343384e-001</left_val>
            <right_val>-1.9119429588317871e-001</right_val></_></_>
        <_>
          <!-- tree 4 -->
          <_>
            <!-- root node -->
            <feature>
              <rects>
                <_>
                  2 18 5 2 -1.</_>
                <_>
                  2 19 5 1 2.</_></rects>
              <tilted>0</tilted></feature>
            <threshold>-2.0785650704056025e-003</threshold>
            <left_val>5.1137208938598633e-001</left_val>
            <right_val>-3.4208109974861145e-001</right_val></_></_>
        <_>
          <!-- tree 5 -->
          <_>
            <!-- root node -->
            <feature>
              <rects>
                <_>
                  7 13 9 4 -1.</_>
                <_>
                  10 13 3 4 3.</_></rects>
              <tilted>0</tilted></feature>
            <threshold>2.4200450628995895e-002</threshold>
            <left_val>-1.2387059628963470e-001</left_val>
            <right_val>7.3372620344161987e-001</right_val></_></_>
        <_>
          <!-- tree 6 -->
          <_>
            <!-- root node -->
            <feature>
              <rects>
                <_>
                  0 8 6 12 -1.</_>
                <_>
                  0 14 6 6 2.</_></rects>
              <tilted>0</tilted></feature>
            <threshold>-5.5995691567659378e-002</threshold>
            <left_val>4.4608908891677856e-001</left_val>
            <right_val>-4.4842651486396790e-001</right_val></_></_>
        <_>
          <!-- tree 7 -->
          <_>
            <!-- root node -->
            <feature>
              <rects>
                <_>
                  7 13 6 7 -1.</_>
                <_>
                  7 13 3 7 2.</_></rects>
              <tilted>0</tilted></feature>
            <threshold>9.4277281314134598e-003</threshold>
            <left_val>-2.8114289045333862e-001</left_val>
            <right_val>5.6026780605316162e-001</right_val></_></_>
        <_>
          <!-- tree 8 -->
          <_>
            <!-- root node -->
            <feature>
              <rects>
                <_>
                  3 13 12 4 -1.</_>
                <_>
                  7 13 4 4 3.</_></rects>
              <tilted>0</tilted></feature>
            <threshold>-3.1080009415745735e-002</threshold>
            <left_val>7.6351982355117798e-001</left_val>
            <right_val>-2.2541700303554535e-001</right_val></_></_>
        <_>
          <!-- tree 9 -->
          <_>
            <!-- root node -->
            <feature>
              <rects>
                <_>
                  4 0 16 20 -1.</_>
                <_>
                  4 10 16 10 2.</_></rects>
              <tilted>0</tilted></feature>
            <threshold>-4.5663920044898987e-001</threshold>
            <left_val>4.6451830863952637e-001</left_val>
            <right_val>-2.8836479783058167e-001</right_val></_></_>
        <_>
          <!-- tree 10 -->
          <_>
            <!-- root node -->
            <feature>
              <rects>
                <_>
                  1 0 8 2 -1.</_>
                <_>
                  1 0 4 1 2.</_>
                <_>
                  5 1 4 1 2.</_></rects>
              <tilted>0</tilted></feature>
            <threshold>-3.6148130893707275e-003</threshold>
            <left_val>5.6878018379211426e-001</left_val>
            <right_val>-2.7183690667152405e-001</right_val></_></_>
        <_>
          <!-- tree 11 -->
          <_>
            <!-- root node -->
            <feature>
              <rects>
                <_>
                  7 0 8 2 -1.</_>
                <_>
                  11 0 4 1 2.</_>
                <_>
                  7 1 4 1 2.</_></rects>
              <tilted>0</tilted></feature>
            <threshold>3.3730820287019014e-003</threshold>
            <left_val>-1.8462629616260529e-001</left_val>
            <right_val>5.9720307588577271e-001</right_val></_></_>
        <_>
          <!-- tree 12 -->
          <_>
            <!-- root node -->
            <feature>
              <rects>
                <_>
                  5 11 9 8 -1.</_>
                <_>
                  8 11 3 8 3.</_></rects>
              <tilted>0</tilted></feature>
            <threshold>3.2790619879961014e-002</threshold>
            <left_val>-2.1002230048179626e-001</left_val>
            <right_val>6.8630510568618774e-001</right_val></_></_></trees>
      <stage_threshold>-1.3849669694900513e+000</stage_threshold>
      <parent>0</parent>
      <next>-1</next></_>
    <_>
      <!-- stage 2 -->
      <trees>
        <_>
          <!-- tree 0 -->
          <_>
            <!-- root node -->
            <feature>
              <rects>
                <_>
                  0 7 20 3 -1.</_>
                <_>
                  0 8 20 1 3.</_></rects>
              <tilted>0</tilted></feature>
            <threshold>3.3970650285482407e-002</threshold>
            <left_val>1.8192930519580841e-001</left_val>
            <right_val>-9.0897959470748901e-001</right_val></_></_>
        <_>
          <!-- tree 1 -->
          <_>
            <!-- root node -->
            <feature>
              <rects>
                <_>
                  7 14 13 6 -1.</_>
                <_>
                  7 17 13 3 2.</_></rects>
              <tilted>0</tilted></feature>
            <threshold>-4.9011051654815674e-002</threshold>
            <left_val>3.7930628657341003e-001</left_val>
            <right_val>-2.1326279640197754e-001</right_val></_></_>
        <_>
          <!-- tree 2 -->
          <_>
            <!-- root node -->
            <feature>
              <rects>
                <_>
                  0 0 16 6 -1.</_>
                <_>
                  0 0 8 3 2.</_>
                <_>
                  8 3 8 3 2.</_></rects>
              <tilted>0</tilted></feature>
            <threshold>-5.8470439165830612e-002</threshold>
            <left_val>8.5510182380676270e-001</left_val>
            <right_val>-1.2401609867811203e-001</right_val></_></_>
        <_>
          <!-- tree 3 -->
          <_>
            <!-- root node -->
            <feature>
              <rects>
                <_>
                  14 16 6 4 -1.</_>
                <_>
                  14 18 6 2 2.</_></rects>
              <tilted>0</tilted></feature>
            <threshold>-8.5591552779078484e-003</threshold>
            <left_val>2.3831290006637573e-001</left_val>
            <right_val>-5.4522689431905746e-002</right_val></_></_>
        <_>
          <!-- tree 4 -->
          <_>
            <!-- root node -->
            <feature>
              <rects>
                <_>
                  4 14 9 3 -1.</_>
                <_>
                  7 14 3 3 3.</_></rects>
              <tilted>0</tilted></feature>
            <threshold>-2.0458780229091644e-002</threshold>
            <left_val>7.3474049568176270e-001</left_val>
            <right_val>-2.0495119690895081e-001</right_val></_></_>
        <_>
          <!-- tree 5 -->
          <_>
            <!-- root node -->
            <feature>
              <rects>
                <_>
                  5 10 15 10 -1.</_>
                <_>
                  5 15 15 5 2.</_></rects>
              <tilted>0</tilted></feature>
            <threshold>-8.0153629183769226e-002</threshold>
            <left_val>2.3894609510898590e-001</left_val>
            <right_val>-2.9369229078292847e-001</right_val></_></_>
        <_>
          <!-- tree 6 -->
          <_>
            <!-- root node -->
            <feature>
              <rects>
                <_>
                  5 10 10 10 -1.</_>
                <_>
                  10 10 5 10 2.</_></rects>
              <tilted>0</tilted></feature>
            <threshold>-5.9437260031700134e-002</threshold>
            <left_val>6.6045421361923218e-001</left_val>
            <right_val>-2.3392419517040253e-001</right_val></_></_>
        <_>
          <!-- tree 7 -->
          <_>
            <!-- root node -->
            <feature>
              <rects>
                <_>
                  12 0 8 6 -1.</_>
                <_>
                  16 0 4 3 2.</_>
                <_>
                  12 3 4 3 2.</_></rects>
              <tilted>0</tilted></feature>
            <threshold>-3.0782310292124748e-002</threshold>
            <left_val>8.2048147916793823e-001</left_val>
            <right_val>-1.1687310039997101e-001</right_val></_></_>
        <_>
          <!-- tree 8 -->
          <_>
            <!-- root node -->
            <feature>
              <rects>
                <_>
                  0 18 16 2 -1.</_>
                <_>
                  0 19 16 1 2.</_></rects>
              <tilted>0</tilted></feature>
            <threshold>-3.7259499076753855e-003</threshold>
            <left_val>4.0997329354286194e-001</left_val>
            <right_val>-3.6751058697700500e-001</right_val></_></_>
        <_>
          <!-- tree 9 -->
          <_>
            <!-- root node -->
            <feature>
              <rects>
                <_>
                  5 0 14 2 -1.</_>
                <_>
                  12 0 7 1 2.</_>
                <_>
                  5 1 7 1 2.</_></rects>
              <tilted>0</tilted></feature>
            <threshold>-6.9588758051395416e-003</threshold>
            <left_val>4.0641939640045166e-001</left_val>
            <right_val>-1.3285769522190094e-001</right_val></_></_>
        <_>
          <!-- tree 10 -->
          <_>
            <!-- root node -->
            <feature>
              <rects>
                <_>
                  0 0 18 2 -1.</_>
                <_>
                  0 0 9 1 2.</_>
                <_>
                  9 1 9 1 2.</_></rects>
              <tilted>0</tilted></feature>
            <threshold>-8.5127148777246475e-003</threshold>
            <left_val>6.0452622175216675e-001</left_val>
            <right_val>-2.5560799241065979e-001</right_val></_></_>
        <_>
          <!-- tree 11 -->
          <_>
            <!-- root node -->
            <feature>
              <rects>
                <_>
                  17 5 1 3 -1.</_>
                <_>
                  17 6 1 1 3.</_></rects>
              <tilted>0</tilted></feature>
            <threshold>4.4385031796991825e-003</threshold>
            <left_val>1.1826699972152710e-001</left_val>
            <right_val>-7.9928040504455566e-001</right_val></_></_>
        <_>
          <!-- tree 12 -->
          <_>
            <!-- root node -->
            <feature>
              <rects>
                <_>
                  0 8 5 12 -1.</_>
                <_>
                  0 14 5 6 2.</_></rects>
              <tilted>0</tilted></feature>
            <threshold>-3.8482081145048141e-002</threshold>
            <left_val>2.6950588822364807e-001</left_val>
            <right_val>-4.7560811042785645e-001</right_val></_></_>
        <_>
          <!-- tree 13 -->
          <_>
            <!-- root node -->
            <feature>
              <rects>
                <_>
                  15 15 5 4 -1.</_>
                <_>
                  15 17 5 2 2.</_></rects>
              <tilted>0</tilted></feature>
            <threshold>3.3229279797524214e-003</threshold>
            <left_val>-9.7753122448921204e-002</left_val>
            <right_val>4.0557551383972168e-001</right_val></_></_>
        <_>
          <!-- tree 14 -->
          <_>
            <!-- root node -->
            <feature>
              <rects>
                <_>
                  0 15 5 4 -1.</_>
                <_>
                  0 17 5 2 2.</_></rects>
              <tilted>0</tilted></feature>
            <threshold>-8.3175823092460632e-003</threshold>
            <left_val>5.2902549505233765e-001</left_val>
            <right_val>-2.8314051032066345e-001</right_val></_></_>
        <_>
          <!-- tree 15 -->
          <_>
            <!-- root node -->
            <feature>
              <rects>
                <_>
                  13 16 6 3 -1.</_>
                <_>
                  13 16 3 3 2.</_></rects>
              <tilted>0</tilted></feature>
            <threshold>8.2528116181492805e-003</threshold>
            <left_val>-1.3585020601749420e-001</left_val>
            <right_val>5.4266101121902466e-001</right_val></_></_>
        <_>
          <!-- tree 16 -->
          <_>
            <!-- root node -->
            <feature>
              <rects>
                <_>
                  2 0 16 20 -1.</_>
                <_>
                  2 10 16 10 2.</_></rects>
              <tilted>0</tilted></feature>
            <threshold>-3.6624529957771301e-001</threshold>
            <left_val>3.0337148904800415e-001</left_val>
            <right_val>-5.3931558132171631e-001</right_val></_></_></trees>
      <stage_threshold>-1.4592230319976807e+000</stage_threshold>
      <parent>1</parent>
      <next>-1</next></_>
    <_>
      <!-- stage 3 -->
      <trees>
        <_>
          <!-- tree 0 -->
          <_>
            <!-- root node -->
            <feature>
              <rects>
                <_>
                  0 0 12 6 -1.</_>
                <_>
                  0 0 6 3 2.</_>
                <_>
                  6 3 6 3 2.</_></rects>
              <tilted>0</tilted></feature>
            <threshold>-3.8194578140974045e-002</threshold>
            <left_val>7.2220808267593384e-001</left_val>
            <right_val>-1.8939480185508728e-001</right_val></_></_>
        <_>
          <!-- tree 1 -->
          <_>
            <!-- root node -->
            <feature>
              <rects>
                <_>
                  17 5 1 3 -1.</_>
                <_>
                  17 6 1 1 3.</_></rects>
              <tilted>0</tilted></feature>
            <threshold>-5.8976020663976669e-003</threshold>
            <left_val>-9.7538447380065918e-001</left_val>
            <right_val>9.5047622919082642e-002</right_val></_></_>
        <_>
          <!-- tree 2 -->
          <_>
            <!-- root node -->
            <feature>
              <rects>
                <_>
                  1 17 8 2 -1.</_>
                <_>
                  1 18 8 1 2.</_></rects>
              <tilted>0</tilted></feature>
            <threshold>-2.7589600067585707e-003</threshold>
            <left_val>5.1315557956695557e-001</left_val>
            <right_val>-3.1176421046257019e-001</right_val></_></_>
        <_>
          <!-- tree 3 -->
          <_>
            <!-- root node -->
            <feature>
              <rects>
                <_>
                  10 1 8 4 -1.</_>
                <_>
                  14 1 4 2 2.</_>
                <_>
                  10 3 4 2 2.</_></rects>
              <tilted>0</tilted></feature>
            <threshold>2.0859960466623306e-002</threshold>
            <left_val>-1.7538680136203766e-001</left_val>
            <right_val>8.4684878587722778e-001</right_val></_></_>
        <_>
          <!-- tree 4 -->
          <_>
            <!-- root node -->
            <feature>
              <rects>
                <_>
                  2 5 1 3 -1.</_>
                <_>
                  2 6 1 1 3.</_></rects>
              <tilted>0</tilted></feature>
            <threshold>5.3975777700543404e-003</threshold>
            <left_val>2.1036109328269958e-001</left_val>
            <right_val>-9.6912419795989990e-001</right_val></_></_>
        <_>
          <!-- tree 5 -->
          <_>
            <!-- root node -->
            <feature>
              <rects>
                <_>
                  6 1 8 4 -1.</_>
                <_>
                  10 1 4 2 2.</_>
                <_>
                  6 3 4 2 2.</_></rects>
              <tilted>0</tilted></feature>
            <threshold>1.8014770001173019e-002</threshold>
            <left_val>-2.2215470671653748e-001</left_val>
            <right_val>8.5894548892974854e-001</right_val></_></_>
        <_>
          <!-- tree 6 -->
          <_>
            <!-- root node -->
            <feature>
              <rects>
                <_>
                  0 1 6 4 -1.</_>
                <_>
                  0 1 3 2 2.</_>
                <_>
                  3 3 3 2 2.</_></rects>
              <tilted>0</tilted></feature>
            <threshold>-1.3809850439429283e-002</threshold>
            <left_val>8.9453572034835815e-001</left_val>
            <right_val>-1.4601249992847443e-001</right_val></_></_>
        <_>
          <!-- tree 7 -->
          <_>
            <!-- root node -->
            <feature>
              <rects>
                <_>
                  14 0 6 2 -1.</_>
                <_>
                  17 0 3 1 2.</_>
                <_>
                  14 1 3 1 2.</_></rects>
              <tilted>0</tilted></feature>
            <threshold>-4.6433662064373493e-003</threshold>
            <left_val>7.2510957717895508e-001</left_val>
            <right_val>-1.7206239700317383e-001</right_val></_></_>
        <_>
          <!-- tree 8 -->
          <_>
            <!-- root node -->
            <feature>
              <rects>
                <_>
                  4 15 5 2 -1.</_>
                <_>
                  4 16 5 1 2.</_></rects>
              <tilted>0</tilted></feature>
            <threshold>-2.1322539541870356e-003</threshold>
            <left_val>4.7625678777694702e-001</left_val>
            <right_val>-2.7669560909271240e-001</right_val></_></_>
        <_>
          <!-- tree 9 -->
          <_>
            <!-- root node -->
            <feature>
              <rects>
                <_>
                  11 18 9 1 -1.</_>
                <_>
                  14 18 3 1 3.</_></rects>
              <tilted>0</tilted></feature>
            <threshold>4.5662489719688892e-003</threshold>
            <left_val>-1.0025870054960251e-001</left_val>
            <right_val>7.8376817703247070e-001</right_val></_></_>
        <_>
          <!-- tree 10 -->
          <_>
            <!-- root node -->
            <feature>
              <rects>
                <_>
                  0 18 9 1 -1.</_>
                <_>
                  3 18 3 1 3.</_></rects>
              <tilted>0</tilted></feature>
            <threshold>3.0716119799762964e-003</threshold>
            <left_val>-2.3337440192699432e-001</left_val>
            <right_val>5.9442138671875000e-001</right_val></_></_>
        <_>
          <!-- tree 11 -->
          <_>
            <!-- root node -->
            <feature>
              <rects>
                <_>
                  16 16 4 2 -1.</_>
                <_>
                  16 16 2 2 2.</_></rects>
              <tilted>0</tilted></feature>
            <threshold>-1.7333769937977195e-003</threshold>
            <left_val>6.6170680522918701e-001</left_val>
            <right_val>-2.3792290687561035e-001</right_val></_></_>
        <_>
          <!-- tree 12 -->
          <_>
            <!-- root node -->
            <feature>
              <rects>
                <_>
                  0 16 4 2 -1.</_>
                <_>
                  2 16 2 2 2.</_></rects>
              <tilted>0</tilted></feature>
            <threshold>-2.3491969332098961e-003</threshold>
            <left_val>6.2465709447860718e-001</left_val>
            <right_val>-2.2052860260009766e-001</right_val></_></_>
        <_>
          <!-- tree 13 -->
          <_>
            <!-- root node -->
            <feature>
              <rects>
                <_>
                  10 5 6 8 -1.</_>
                <_>
                  13 5 3 4 2.</_>
                <_>
                  10 9 3 4 2.</_></rects>
              <tilted>0</tilted></feature>
            <threshold>-4.0055140852928162e-002</threshold>
            <left_val>6.1768692731857300e-001</left_val>
            <right_val>-6.9334596395492554e-002</right_val></_></_>
        <_>
          <!-- tree 14 -->
          <_>
            <!-- root node -->
            <feature>
              <rects>
                <_>
                  0 0 4 2 -1.</_>
                <_>
                  0 0 2 1 2.</_>
                <_>
                  2 1 2 1 2.</_></rects>
              <tilted>0</tilted></feature>
            <threshold>-3.9166100323200226e-003</threshold>
            <left_val>8.0050879716873169e-001</left_val>
            <right_val>-1.4911389350891113e-001</right_val></_></_>
        <_>
          <!-- tree 15 -->
          <_>
            <!-- root node -->
            <feature>
              <rects>
                <_>
                  7 13 9 4 -1.</_>
                <_>
                  10 13 3 4 3.</_></rects>
              <tilted>0</tilted></feature>
            <threshold>1.4645719900727272e-002</threshold>
            <left_val>-1.4247509837150574e-001</left_val>
            <right_val>4.8058301210403442e-001</right_val></_></_>
        <_>
          <!-- tree 16 -->
          <_>
            <!-- root node -->
            <feature>
              <rects>
                <_>
                  1 0 18 20 -1.</_>
                <_>
                  1 10 18 10 2.</_></rects>
              <tilted>0</tilted></feature>
            <threshold>-2.6295131444931030e-001</threshold>
            <left_val>1.4903779327869415e-001</left_val>
            <right_val>-8.7801247835159302e-001</right_val></_></_></trees>
      <stage_threshold>-1.4390799999237061e+000</stage_threshold>
      <parent>2</parent>
      <next>-1</next></_>
    <_>
      <!-- stage 4 -->
      <trees>
        <_>
          <!-- tree 0 -->
          <_>
            <!-- root node -->
            <feature>
              <rects>
                <_>
                  0 1 8 6 -1.</_>
                <_>
                  0 1 4 3 2.</_>
                <_>
                  4 4 4 3 2.</_></rects>
              <tilted>0</tilted></feature>
            <threshold>-2.0229710265994072e-002</threshold>
            <left_val>7.2473490238189697e-001</left_val>
            <right_val>-2.0171730220317841e-001</right_val></_></_>
        <_>
          <!-- tree 1 -->
          <_>
            <!-- root node -->
            <feature>
              <rects>
                <_>
                  6 14 14 6 -1.</_>
                <_>
                  6 17 14 3 2.</_></rects>
              <tilted>0</tilted></feature>
            <threshold>-6.7318953573703766e-002</threshold>
            <left_val>6.3897961378097534e-001</left_val>
            <right_val>-1.0209520161151886e-001</right_val></_></_>
        <_>
          <!-- tree 2 -->
          <_>
            <!-- root node -->
            <feature>
              <rects>
                <_>
                  0 0 8 2 -1.</_>
                <_>
                  0 0 4 1 2.</_>
                <_>
                  4 1 4 1 2.</_></rects>
              <tilted>0</tilted></feature>
            <threshold>-4.6973507851362228e-003</threshold>
            <left_val>5.8253192901611328e-001</left_val>
            <right_val>-2.3756900429725647e-001</right_val></_></_>
        <_>
          <!-- tree 3 -->
          <_>
            <!-- root node -->
            <feature>
              <rects>
                <_>
                  8 0 6 6 -1.</_>
                <_>
                  11 0 3 3 2.</_>
                <_>
                  8 3 3 3 2.</_></rects>
              <tilted>0</tilted></feature>
            <threshold>1.6977440565824509e-002</threshold>
            <left_val>-1.4386810362339020e-001</left_val>
            <right_val>4.6211358904838562e-001</right_val></_></_>
        <_>
          <!-- tree 4 -->
          <_>
            <!-- root node -->
            <feature>
              <rects>
                <_>
                  5 6 4 3 -1.</_>
                <_>
                  5 7 4 1 3.</_></rects>
              <tilted>0</tilted></feature>
            <threshold>1.6207920387387276e-002</threshold>
            <left_val>1.7954710125923157e-001</left_val>
            <right_val>-9.9567377567291260e-001</right_val></_></_>
        <_>
          <!-- tree 5 -->
          <_>
            <!-- root node -->
            <feature>
              <rects>
                <_>
                  7 7 9 2 -1.</_>
                <_>
                  7 8 9 1 2.</_></rects>
              <tilted>0</tilted></feature>
            <threshold>-2.6599010452628136e-003</threshold>
            <left_val>3.1092920899391174e-001</left_val>
            <right_val>-2.1279369294643402e-001</right_val></_></_>
        <_>
          <!-- tree 6 -->
          <_>
            <!-- root node -->
            <feature>
              <rects>
                <_>
                  5 17 9 2 -1.</_>
                <_>
                  8 17 3 2 3.</_></rects>
              <tilted>0</tilted></feature>
            <threshold>-4.4497270137071609e-003</threshold>
            <left_val>5.7012689113616943e-001</left_val>
            <right_val>-2.6228389143943787e-001</right_val></_></_>
        <_>
          <!-- tree 7 -->
          <_>
            <!-- root node -->
            <feature>
              <rects>
                <_>
                  10 18 1 2 -1.</_>
                <_>
                  10 19 1 1 2.</_></rects>
              <tilted>0</tilted></feature>
            <threshold>-6.3530722400173545e-004</threshold>
            <left_val>5.0283288955688477e-001</left_val>
            <right_val>-1.9785830378532410e-001</right_val></_></_>
        <_>
          <!-- tree 8 -->
          <_>
            <!-- root node -->
            <feature>
              <rects>
                <_>
                  7 17 6 2 -1.</_>
                <_>
                  10 17 3 2 2.</_></rects>
              <tilted>0</tilted></feature>
            <threshold>-2.8748388867825270e-003</threshold>
            <left_val>5.6925517320632935e-001</left_val>
            <right_val>-3.0871298909187317e-001</right_val></_></_>
        <_>
          <!-- tree 9 -->
          <_>
            <!-- root node -->
            <feature>
              <rects>
                <_>
                  12 14 6 4 -1.</_>
                <_>
                  12 16 6 2 2.</_></rects>
              <tilted>0</tilted></feature>
            <threshold>-8.1279203295707703e-003</threshold>
            <left_val>2.9139038920402527e-001</left_val>
            <right_val>-1.3456299901008606e-001</right_val></_></_>
        <_>
          <!-- tree 10 -->
          <_>
            <!-- root node -->
            <feature>
              <rects>
                <_>
                  1 13 7 6 -1.</_>
                <_>
                  1 16 7 3 2.</_></rects>
              <tilted>0</tilted></feature>
            <threshold>-2.4661360308527946e-002</threshold>
            <left_val>5.1387512683868408e-001</left_val>
            <right_val>-3.0370649695396423e-001</right_val></_></_>
        <_>
          <!-- tree 11 -->
          <_>
            <!-- root node -->
            <feature>
              <rects>
                <_>
                  3 0 16 20 -1.</_>
                <_>
                  3 10 16 10 2.</_></rects>
              <tilted>0</tilted></feature>
            <threshold>-4.3879699707031250e-001</threshold>
            <left_val>3.5405591130256653e-001</left_val>
            <right_val>-3.7700539827346802e-001</right_val></_></_>
        <_>
          <!-- tree 12 -->
          <_>
            <!-- root node -->
            <feature>
              <rects>
                <_>
                  8 18 4 2 -1.</_>
                <_>
                  10 18 2 2 2.</_></rects>
              <tilted>0</tilted></feature>
            <threshold>2.5446529034525156e-003</threshold>
            <left_val>-1.9308899343013763e-001</left_val>
            <right_val>7.8908801078796387e-001</right_val></_></_>
        <_>
          <!-- tree 13 -->
          <_>
            <!-- root node -->
            <feature>
              <rects>
                <_>
                  2 0 18 6 -1.</_>
                <_>
                  11 0 9 3 2.</_>
                <_>
                  2 3 9 3 2.</_></rects>
              <tilted>0</tilted></feature>
            <threshold>-5.1453631371259689e-002</threshold>
            <left_val>7.7022260427474976e-001</left_val>
            <right_val>-6.4794696867465973e-002</right_val></_></_>
        <_>
          <!-- tree 14 -->
          <_>
            <!-- root node -->
            <feature>
              <rects>
                <_>
                  0 0 18 6 -1.</_>
                <_>
                  0 0 9 3 2.</_>
                <_>
                  9 3 9 3 2.</_></rects>
              <tilted>0</tilted></feature>
            <threshold>-5.0271559506654739e-002</threshold>
            <left_val>8.3289337158203125e-001</left_val>
            <right_val>-2.1110670268535614e-001</right_val></_></_>
        <_>
          <!-- tree 15 -->
          <_>
            <!-- root node -->
            <feature>
              <rects>
                <_>
                  11 1 3 4 -1.</_>
                <_>
                  12 1 1 4 3.</_></rects>
              <tilted>0</tilted></feature>
            <threshold>1.1190489865839481e-002</threshold>
            <left_val>1.2946669757366180e-001</left_val>
            <right_val>-8.5090857744216919e-001</right_val></_></_></trees>
      <stage_threshold>-1.3382279872894287e+000</stage_threshold>
      <parent>3</parent>
      <next>-1</next></_>
    <_>
      <!-- stage 5 -->
      <trees>
        <_>
          <!-- tree 0 -->
          <_>
            <!-- root node -->
            <feature>
              <rects>
                <_>
                  4 16 11 2 -1.</_>
                <_>
                  4 17 11 1 2.</_></rects>
              <tilted>0</tilted></feature>
            <threshold>-5.0736898556351662e-003</threshold>
            <left_val>6.7779141664505005e-001</left_val>
            <right_val>-2.7409160137176514e-001</right_val></_></_>
        <_>
          <!-- tree 1 -->
          <_>
            <!-- root node -->
            <feature>
              <rects>
                <_>
                  9 13 9 2 -1.</_>
                <_>
                  12 13 3 2 3.</_></rects>
              <tilted>0</tilted></feature>
            <threshold>-1.0075950063765049e-002</threshold>
            <left_val>4.3833601474761963e-001</left_val>
            <right_val>-1.1957789957523346e-001</right_val></_></_>
        <_>
          <!-- tree 2 -->
          <_>
            <!-- root node -->
            <feature>
              <rects>
                <_>
                  3 13 12 2 -1.</_>
                <_>
                  7 13 4 2 3.</_></rects>
              <tilted>0</tilted></feature>
            <threshold>-2.6031199842691422e-002</threshold>
            <left_val>8.9855068922042847e-001</left_val>
            <right_val>-2.1011619269847870e-001</right_val></_></_>
        <_>
          <!-- tree 3 -->
          <_>
            <!-- root node -->
            <feature>
              <rects>
                <_>
                  9 13 9 2 -1.</_>
                <_>
                  12 13 3 2 3.</_></rects>
              <tilted>0</tilted></feature>
            <threshold>4.1802851483225822e-003</threshold>
            <left_val>-6.8339243531227112e-002</left_val>
            <right_val>3.5923010110855103e-001</right_val></_></_>
        <_>
          <!-- tree 4 -->
          <_>
            <!-- root node -->
            <feature>
              <rects>
                <_>
                  2 13 9 2 -1.</_>
                <_>
                  5 13 3 2 3.</_></rects>
              <tilted>0</tilted></feature>
            <threshold>-1.9459720700979233e-002</threshold>
            <left_val>1.</left_val>
            <right_val>-1.6410039365291595e-001</right_val></_></_>
        <_>
          <!-- tree 5 -->
          <_>
            <!-- root node -->
            <feature>
              <rects>
                <_>
                  8 12 9 5 -1.</_>
                <_>
                  11 12 3 5 3.</_></rects>
              <tilted>0</tilted></feature>
            <threshold>-2.3846369236707687e-002</threshold>
            <left_val>4.2096540331840515e-001</left_val>
            <right_val>-9.9493429064750671e-002</right_val></_></_>
        <_>
          <!-- tree 6 -->
          <_>
            <!-- root node -->
            <feature>
              <rects>
                <_>
                  0 8 13 12 -1.</_>
                <_>
                  0 14 13 6 2.</_></rects>
              <tilted>0</tilted></feature>
            <threshold>-1.1289729923009872e-001</threshold>
            <left_val>3.3328849077224731e-001</left_val>
            <right_val>-5.2253830432891846e-001</right_val></_></_>
        <_>
          <!-- tree 7 -->
          <_>
            <!-- root node -->
            <feature>
              <rects>
                <_>
                  6 0 14 2 -1.</_>
                <_>
                  13 0 7 1 2.</_>
                <_>
                  6 1 7 1 2.</_></rects>
              <tilted>0</tilted></feature>
            <threshold>-1.4124260284006596e-002</threshold>
            <left_val>8.4036487340927124e-001</left_val>
            <right_val>-9.4262927770614624e-002</right_val></_></_>
        <_>
          <!-- tree 8 -->
          <_>
            <!-- root node -->
            <feature>
              <rects>
                <_>
                  0 2 8 6 -1.</_>
                <_>
                  0 2 4 3 2.</_>
                <_>
                  4 5 4 3 2.</_></rects>
              <tilted>0</tilted></feature>
            <threshold>-1.4598900452256203e-002</threshold>
            <left_val>8.0389910936355591e-001</left_val>
            <right_val>-2.2346849739551544e-001</right_val></_></_>
        <_>
          <!-- tree 9 -->
          <_>
            <!-- root node -->
            <feature>
              <rects>
                <_>
                  18 1 2 6 -1.</_>
                <_>
                  18 3 2 2 3.</_></rects>
              <tilted>0</tilted></feature>
            <threshold>-7.1506178937852383e-003</threshold>
            <left_val>3.6871808767318726e-001</left_val>
            <right_val>-8.8594466447830200e-002</right_val></_></_>
        <_>
          <!-- tree 10 -->
          <_>
            <!-- root node -->
            <feature>
              <rects>
                <_>
                  0 1 2 6 -1.</_>
                <_>
                  0 3 2 2 3.</_></rects>
              <tilted>0</tilted></feature>
            <threshold>7.5944517739117146e-003</threshold>
            <left_val>-2.4955530464649200e-001</left_val>
            <right_val>7.4593192338943481e-001</right_val></_></_>
        <_>
          <!-- tree 11 -->
          <_>
            <!-- root node -->
            <feature>
              <rects>
                <_>
                  11 16 2 2 -1.</_>
                <_>
                  11 17 2 1 2.</_></rects>
              <tilted>0</tilted></feature>
            <threshold>-7.6932337833568454e-004</threshold>
            <left_val>3.1318590044975281e-001</left_val>
            <right_val>-1.3115060329437256e-001</right_val></_></_>
        <_>
          <!-- tree 12 -->
          <_>
            <!-- root node -->
            <feature>
              <rects>
                <_>
                  7 16 2 2 -1.</_>
                <_>
                  7 17 2 1 2.</_></rects>
              <tilted>0</tilted></feature>
            <threshold>-8.8140211300924420e-004</threshold>
            <left_val>5.9219521284103394e-001</left_val>
            <right_val>-3.1276229023933411e-001</right_val></_></_>
        <_>
          <!-- tree 13 -->
          <_>
            <!-- root node -->
            <feature>
              <rects>
                <_>
                  17 4 1 3 -1.</_>
                <_>
                  17 5 1 1 3.</_></rects>
              <tilted>0</tilted></feature>
            <threshold>2.9233540408313274e-003</threshold>
            <left_val>1.0842339694499969e-001</left_val>
            <right_val>-4.5666009187698364e-001</right_val></_></_>
        <_>
          <!-- tree 14 -->
          <_>
            <!-- root node -->
            <feature>
              <rects>
                <_>
                  0 16 10 4 -1.</_>
                <_>
                  0 16 5 2 2.</_>
                <_>
                  5 18 5 2 2.</_></rects>
              <tilted>0</tilted></feature>
            <threshold>1.0706449858844280e-002</threshold>
            <left_val>-2.0414899289608002e-001</left_val>
            <right_val>8.9821600914001465e-001</right_val></_></_>
        <_>
          <!-- tree 15 -->
          <_>
            <!-- root node -->
            <feature>
              <rects>
                <_>
                  17 4 1 3 -1.</_>
                <_>
                  17 5 1 1 3.</_></rects>
              <tilted>0</tilted></feature>
            <threshold>7.8536261571571231e-004</threshold>
            <left_val>-8.8007129728794098e-002</left_val>
            <right_val>3.7195500731468201e-001</right_val></_></_>
        <_>
          <!-- tree 16 -->
          <_>
            <!-- root node -->
            <feature>
              <rects>
                <_>
                  2 4 1 3 -1.</_>
                <_>
                  2 5 1 1 3.</_></rects>
              <tilted>0</tilted></feature>
            <threshold>4.5467009767889977e-003</threshold>
            <left_val>1.7898209393024445e-001</left_val>
            <right_val>-9.6055680513381958e-001</right_val></_></_>
        <_>
          <!-- tree 17 -->
          <_>
            <!-- root node -->
            <feature>
              <rects>
                <_>
                  9 12 9 6 -1.</_>
                <_>
                  12 12 3 6 3.</_></rects>
              <tilted>0</tilted></feature>
            <threshold>9.6154380589723587e-003</threshold>
            <left_val>-2.2502559423446655e-001</left_val>
            <right_val>3.7697190046310425e-001</right_val></_></_>
        <_>
          <!-- tree 18 -->
          <_>
            <!-- root node -->
            <feature>
              <rects>
                <_>
                  2 12 9 6 -1.</_>
                <_>
                  5 12 3 6 3.</_></rects>
              <tilted>0</tilted></feature>
            <threshold>1.6962800174951553e-002</threshold>
            <left_val>-2.9301610589027405e-001</left_val>
            <right_val>6.4821201562881470e-001</right_val></_></_></trees>
      <stage_threshold>-1.2837879657745361e+000</stage_threshold>
      <parent>4</parent>
      <next>-1</next></_>
    <_>
      <!-- stage 6 -->
      <trees>
        <_>
          <!-- tree 0 -->
          <_>
            <!-- root node -->
            <feature>
              <rects>
                <_>
                  0 15 1 4 -1.</_>
                <_>
                  0 17 1 2 2.</_></rects>
              <tilted>0</tilted></feature>
            <threshold>-2.3040899541229010e-003</threshold>
            <left_val>1.</left_val>
            <right_val>-2.3357410728931427e-001</right_val></_></_>
        <_>
          <!-- tree 1 -->
          <_>
            <!-- root node -->
            <feature>
              <rects>
                <_>
                  14 0 5 20 -1.</_>
                <_>
                  14 10 5 10 2.</_></rects>
              <tilted>0</tilted></feature>
            <threshold>-2.8924930840730667e-002</threshold>
            <left_val>1.2249360233545303e-001</left_val>
            <right_val>-6.4830327033996582e-001</right_val></_></_>
        <_>
          <!-- tree 2 -->
          <_>
            <!-- root node -->
            <feature>
              <rects>
                <_>
                  0 5 3 14 -1.</_>
                <_>
                  0 12 3 7 2.</_></rects>
              <tilted>0</tilted></feature>
            <threshold>-5.2206609398126602e-002</threshold>
            <left_val>8.0028897523880005e-001</left_val>
            <right_val>-2.9084488749504089e-001</right_val></_></_>
        <_>
          <!-- tree 3 -->
          <_>
            <!-- root node -->
            <feature>
              <rects>
                <_>
                  9 11 6 1 -1.</_>
                <_>
                  11 11 2 1 3.</_></rects>
              <tilted>0</tilted></feature>
            <threshold>1.5106940409168601e-003</threshold>
            <left_val>-1.9842879474163055e-001</left_val>
            <right_val>6.2972432374954224e-001</right_val></_></_>
        <_>
          <!-- tree 4 -->
          <_>
            <!-- root node -->
            <feature>
              <rects>
                <_>
                  0 12 2 7 -1.</_>
                <_>
                  1 12 1 7 2.</_></rects>
              <tilted>0</tilted></feature>
            <threshold>2.5294290389865637e-003</threshold>
            <left_val>-2.8584221005439758e-001</left_val>
            <right_val>9.0400850772857666e-001</right_val></_></_>
        <_>
          <!-- tree 5 -->
          <_>
            <!-- root node -->
            <feature>
              <rects>
                <_>
                  13 0 6 20 -1.</_>
                <_>
                  13 10 6 10 2.</_></rects>
              <tilted>0</tilted></feature>
            <threshold>8.8343396782875061e-002</threshold>
            <left_val>7.8721061348915100e-002</left_val>
            <right_val>-9.9999237060546875e-001</right_val></_></_>
        <_>
          <!-- tree 6 -->
          <_>
            <!-- root node -->
            <feature>
              <rects>
                <_>
                  4 12 12 4 -1.</_>
                <_>
                  8 12 4 4 3.</_></rects>
              <tilted>0</tilted></feature>
            <threshold>3.4080520272254944e-002</threshold>
            <left_val>-2.4254339933395386e-001</left_val>
            <right_val>1.0000089406967163e+000</right_val></_></_>
        <_>
          <!-- tree 7 -->
          <_>
            <!-- root node -->
            <feature>
              <rects>
                <_>
                  11 9 1 4 -1.</_>
                <_>
                  11 11 1 2 2.</_></rects>
              <tilted>0</tilted></feature>
            <threshold>-1.4423739630728960e-003</threshold>
            <left_val>5.1212012767791748e-001</left_val>
            <right_val>-2.0837520062923431e-001</right_val></_></_>
        <_>
          <!-- tree 8 -->
          <_>
            <!-- root node -->
            <feature>
              <rects>
                <_>
                  6 11 4 1 -1.</_>
                <_>
                  8 11 2 1 2.</_></rects>
              <tilted>0</tilted></feature>
            <threshold>-3.4444720949977636e-004</threshold>
            <left_val>6.2141382694244385e-001</left_val>
            <right_val>-3.8199791312217712e-001</right_val></_></_>
        <_>
          <!-- tree 9 -->
          <_>
            <!-- root node -->
            <feature>
              <rects>
                <_>
                  12 14 2 3 -1.</_>
                <_>
                  12 15 2 1 3.</_></rects>
              <tilted>0</tilted></feature>
            <threshold>6.1730509623885155e-003</threshold>
            <left_val>2.5035020709037781e-001</left_val>
            <right_val>-9.1120898723602295e-001</right_val></_></_>
        <_>
          <!-- tree 10 -->
          <_>
            <!-- root node -->
            <feature>
              <rects>
                <_>
                  2 0 14 4 -1.</_>
                <_>
                  2 0 7 2 2.</_>
                <_>
                  9 2 7 2 2.</_></rects>
              <tilted>0</tilted></feature>
            <threshold>-2.4291340261697769e-002</threshold>
            <left_val>1.</left_val>
            <right_val>-2.7293449640274048e-001</right_val></_></_>
        <_>
          <!-- tree 11 -->
          <_>
            <!-- root node -->
            <feature>
              <rects>
                <_>
                  7 14 12 4 -1.</_>
                <_>
                  7 16 12 2 2.</_></rects>
              <tilted>0</tilted></feature>
            <threshold>-1.8638730049133301e-002</threshold>
            <left_val>6.2802082300186157e-001</left_val>
            <right_val>-1.9946880638599396e-001</right_val></_></_>
        <_>
          <!-- tree 12 -->
          <_>
            <!-- root node -->
            <feature>
              <rects>
                <_>
                  3 11 9 4 -1.</_>
                <_>
                  6 11 3 4 3.</_></rects>
              <tilted>0</tilted></feature>
            <threshold>-9.8480936139822006e-003</threshold>
            <left_val>8.7175059318542480e-001</left_val>
            <right_val>-2.8573000431060791e-001</right_val></_></_></trees>
      <stage_threshold>-1.4276800155639648e+000</stage_threshold>
      <parent>5</parent>
      <next>-1</next></_>
    <_>
      <!-- stage 7 -->
      <trees>
        <_>
          <!-- tree 0 -->
          <_>
            <!-- root node -->
            <feature>
              <rects>
                <_>
                  3 16 14 4 -1.</_>
                <_>
                  3 18 14 2 2.</_></rects>
              <tilted>0</tilted></feature>
            <threshold>-2.1571410819888115e-002</threshold>
            <left_val>1.</left_val>
            <right_val>-3.6096951365470886e-001</right_val></_></_>
        <_>
          <!-- tree 1 -->
          <_>
            <!-- root node -->
            <feature>
              <rects>
                <_>
                  5 2 15 18 -1.</_>
                <_>
                  5 11 15 9 2.</_></rects>
              <tilted>0</tilted></feature>
            <threshold>-4.5396798849105835e-001</threshold>
            <left_val>5.6714737415313721e-001</left_val>
            <right_val>-2.6062240824103355e-002</right_val></_></_>
        <_>
          <!-- tree 2 -->
          <_>
            <!-- root node -->
            <feature>
              <rects>
                <_>
                  0 15 1 4 -1.</_>
                <_>
                  0 17 1 2 2.</_></rects>
              <tilted>0</tilted></feature>
            <threshold>-1.3685839949175715e-003</threshold>
            <left_val>1.</left_val>
            <right_val>-3.3875128626823425e-001</right_val></_></_>
        <_>
          <!-- tree 3 -->
          <_>
            <!-- root node -->
            <feature>
              <rects>
                <_>
                  16 1 4 18 -1.</_>
                <_>
                  16 10 4 9 2.</_></rects>
              <tilted>0</tilted></feature>
            <threshold>-1.5756510198116302e-001</threshold>
            <left_val>-4.0001291036605835e-001</left_val>
            <right_val>2.0435060560703278e-001</right_val></_></_>
        <_>
          <!-- tree 4 -->
          <_>
            <!-- root node -->
            <feature>
              <rects>
                <_>
                  0 0 6 20 -1.</_>
                <_>
                  0 10 6 10 2.</_></rects>
              <tilted>0</tilted></feature>
            <threshold>-1.3895750045776367e-001</threshold>
            <left_val>8.9634639024734497e-001</left_val>
            <right_val>-3.6915180087089539e-001</right_val></_></_>
        <_>
          <!-- tree 5 -->
          <_>
            <!-- root node -->
            <feature>
              <rects>
                <_>
                  12 15 2 2 -1.</_>
                <_>
                  12 16 2 1 2.</_></rects>
              <tilted>0</tilted></feature>
            <threshold>7.0895772660151124e-004</threshold>
            <left_val>-9.7875371575355530e-003</left_val>
            <right_val>9.9999362230300903e-001</right_val></_></_>
        <_>
          <!-- tree 6 -->
          <_>
            <!-- root node -->
            <feature>
              <rects>
                <_>
                  0 10 4 9 -1.</_>
                <_>
                  2 10 2 9 2.</_></rects>
              <tilted>0</tilted></feature>
            <threshold>2.4533479008823633e-003</threshold>
            <left_val>-4.2438191175460815e-001</left_val>
            <right_val>7.8321272134780884e-001</right_val></_></_>
        <_>
          <!-- tree 7 -->
          <_>
            <!-- root node -->
            <feature>
              <rects>
                <_>
                  12 15 2 2 -1.</_>
                <_>
                  12 16 2 1 2.</_></rects>
              <tilted>0</tilted></feature>
            <threshold>-8.0976914614439011e-003</threshold>
            <left_val>-9.1613411903381348e-001</left_val>
            <right_val>1.3149890303611755e-001</right_val></_></_>
        <_>
          <!-- tree 8 -->
          <_>
            <!-- root node -->
            <feature>
              <rects>
                <_>
                  6 15 2 3 -1.</_>
                <_>
                  6 16 2 1 3.</_></rects>
              <tilted>0</tilted></feature>
            <threshold>5.7391228619962931e-004</threshold>
            <left_val>7.3838657140731812e-001</left_val>
            <right_val>-5.1218909025192261e-001</right_val></_></_>
        <_>
          <!-- tree 9 -->
          <_>
            <!-- root node -->
            <feature>
              <rects>
                <_>
                  12 15 3 4 -1.</_>
                <_>
                  12 17 3 2 2.</_></rects>
              <tilted>0</tilted></feature>
            <threshold>-4.3838708661496639e-003</threshold>
            <left_val>3.2375469803810120e-001</left_val>
            <right_val>-1.7888349294662476e-001</right_val></_></_>
        <_>
          <!-- tree 10 -->
          <_>
            <!-- root node -->
            <feature>
              <rects>
                <_>
                  3 7 3 6 -1.</_>
                <_>
                  4 7 1 6 3.</_></rects>
              <tilted>0</tilted></feature>
            <threshold>7.4372719973325729e-003</threshold>
            <left_val>5.8573329448699951e-001</left_val>
            <right_val>-6.5463417768478394e-001</right_val></_></_></trees>
      <stage_threshold>-1.3901120424270630e+000</stage_threshold>
      <parent>6</parent>
      <next>-1</next></_>
    <_>
      <!-- stage 8 -->
      <trees>
        <_>
          <!-- tree 0 -->
          <_>
            <!-- root node -->
            <feature>
              <rects>
                <_>
                  7 2 3 10 -1.</_>
                <_>
                  8 2 1 10 3.</_></rects>
              <tilted>0</tilted></feature>
            <threshold>1.3459940440952778e-002</threshold>
            <left_val>1.</left_val>
            <right_val>-7.9754960536956787e-001</right_val></_></_>
        <_>
          <!-- tree 1 -->
          <_>
            <!-- root node -->
            <feature>
              <rects>
                <_>
                  15 6 3 1 -1.</_>
                <_>
                  16 6 1 1 3.</_></rects>
              <tilted>0</tilted></feature>
            <threshold>4.1143451817333698e-003</threshold>
            <left_val>4.2562368512153625e-001</left_val>
            <right_val>-8.5144650936126709e-001</right_val></_></_>
        <_>
          <!-- tree 2 -->
          <_>
            <!-- root node -->
            <feature>
              <rects>
                <_>
                  2 6 3 1 -1.</_>
                <_>
                  3 6 1 1 3.</_></rects>
              <tilted>0</tilted></feature>
            <threshold>-1.8103780457749963e-003</threshold>
            <left_val>-7.5536912679672241e-001</left_val>
            <right_val>1.0000499486923218e+000</right_val></_></_></trees>
      <stage_threshold>-1.1272950172424316e+000</stage_threshold>
      <parent>7</parent>
      <next>-1</next></_>
    <_>
      <!-- stage 9 -->
      <trees>
        <_>
          <!-- tree 0 -->
          <_>
            <!-- root node -->
            <feature>
              <rects>
                <_>
                  3 6 2 2 -1.</_>
                <_>
                  3 6 1 1 2.</_>
                <_>
                  4 7 1 1 2.</_></rects>
              <tilted>0</tilted></feature>
            <threshold>-3.2397399190813303e-003</threshold>
            <left_val>-9.6505582332611084e-001</left_val>
            <right_val>9.9993741512298584e-001</right_val></_></_>
        <_>
          <!-- tree 1 -->
          <_>
            <!-- root node -->
            <feature>
              <rects>
                <_>
                  15 6 2 1 -1.</_>
                <_>
                  15 6 1 1 2.</_></rects>
              <tilted>0</tilted></feature>
            <threshold>-4.3836628901772201e-004</threshold>
            <left_val>1.</left_val>
            <right_val>-1.6180640459060669e-001</right_val></_></_>
        <_>
          <!-- tree 2 -->
          <_>
            <!-- root node -->
            <feature>
              <rects>
                <_>
                  3 6 2 1 -1.</_>
                <_>
                  4 6 1 1 2.</_></rects>
              <tilted>0</tilted></feature>
            <threshold>4.0350030176341534e-003</threshold>
            <left_val>1.</left_val>
            <right_val>-9.0117192268371582e-001</right_val></_></_></trees>
      <stage_threshold>-8.6622768640518188e-001</stage_threshold>
      <parent>8</parent>
      <next>-1</next></_></stages></haarcascade>
</opencv_storage>
